{
  "version": "0.11.0",
  "graph": {
    "nodes": [
      {
        "id": "n1",
        "position": {
          "x": 272.7459579671867,
          "y": 1050
        },
        "caption": "Asset"
      },
      {
        "id": "n2",
        "position": {
          "x": 115.08853909592864,
          "y": 672.8072589646149
        },
        "caption": "Application"
      },
      {
        "id": "n3",
        "position": {
          "x": 360.8631621775897,
          "y": 672.8072589646149
        },
        "caption": "Department"
      },
      {
        "id": "n4",
        "position": {
          "x": -107.55684982541226,
          "y": 900
        },
        "caption": "Sensor"
      },
      {
        "id": "n5",
        "position": {
          "x": -107.55684982541226,
          "y": 1200
        },
        "caption": "NETWORK"
      },
      {
        "id": "n6",
        "position": {
          "x": 565.1191831495014,
          "y": 764.2586435053092
        },
        "caption": "Asset Type"
      },
      {
        "id": "n7",
        "position": {
          "x": 653.0487657597857,
          "y": 1200
        },
        "caption": "Vendor"
      },
      {
        "id": "n8",
        "position": {
          "x": 65.85822613299538,
          "y": 1402.601321652994
        },
        "caption": "Manufacturer"
      },
      {
        "id": "n9",
        "position": {
          "x": 674.832247515876,
          "y": 976.1295636137023
        },
        "caption": "Module"
      },
      {
        "id": "n10",
        "position": {
          "x": 479.6336898013778,
          "y": 1402.601321652994
        },
        "caption": "Power Source"
      }
    ],
    "relationships": [
      {
        "id": "n1",
        "type": "IS_USED_BY",
        "fromId": "n2",
        "toId": "n3"
      },
      {
        "id": "n2",
        "type": "IS_CONTROLLING",
        "fromId": "n2",
        "toId": "n1"
      },
      {
        "id": "n3",
        "type": "IS_FEEDING_DATA_TO",
        "fromId": "n1",
        "toId": "n2"
      },
      {
        "id": "n4",
        "type": "IS_CONTAINING_SENSOR",
        "fromId": "n1",
        "toId": "n4"
      },
      {
        "id": "n5",
        "type": "IS_USING",
        "fromId": "n1",
        "toId": "n5"
      },
      {
        "id": "n6",
        "type": "IS_OF_TYPE",
        "fromId": "n1",
        "toId": "n6"
      },
      {
        "id": "n7",
        "type": "IS_FROM_VENDOR",
        "fromId": "n1",
        "toId": "n7"
      },
      {
        "id": "n8",
        "type": "IS_MANUFACTURED_BY",
        "fromId": "n1",
        "toId": "n8"
      },
      {
        "id": "n9",
        "type": "IS_EQUIPPED_WITH",
        "fromId": "n1",
        "toId": "n9"
      },
      {
        "id": "n10",
        "type": "IS_POWERED_BY",
        "fromId": "n1",
        "toId": "n10"
      }
    ]
  },
  "dataModel": {
    "fileModel": {
      "fileSchemas": {
        "vendors.csv": {
          "expanded": true,
          "fields": [
            {
              "name": "id",
              "type": "string",
              "sample": "vendor1",
              "include": true
            },
            {
              "name": "entType",
              "type": "string",
              "sample": "Vendor",
              "include": true
            },
            {
              "name": "name",
              "type": "string",
              "sample": "Vendor-1",
              "include": true
            }
          ]
        },
        "thingtype.csv": {
          "expanded": true,
          "fields": [
            {
              "name": "id",
              "type": "string",
              "sample": "laser",
              "include": true
            },
            {
              "name": "name",
              "type": "string",
              "sample": "LASER Printer",
              "include": true
            }
          ]
        },
        "things.csv": {
          "expanded": true,
          "fields": [
            {
              "name": "id",
              "type": "string",
              "sample": "Thing01",
              "include": true
            },
            {
              "name": "name",
              "type": "string",
              "sample": "Printer-01",
              "include": true
            },
            {
              "name": "lat",
              "type": "float",
              "sample": "-27.55165",
              "include": true
            },
            {
              "name": "lon",
              "type": "float",
              "sample": "152.7780303",
              "include": true
            }
          ]
        },
        "sensors.csv": {
          "expanded": true,
          "fields": [
            {
              "name": "id",
              "type": "string",
              "sample": "thermistor",
              "include": true
            },
            {
              "name": "entType",
              "type": "string",
              "sample": "Sensor",
              "include": true
            },
            {
              "name": "name",
              "type": "string",
              "sample": "Temperature",
              "include": true
            }
          ]
        },
        "relation.csv": {
          "expanded": true,
          "fields": [
            {
              "name": "thingId",
              "type": "string",
              "sample": "Thing01",
              "include": true
            },
            {
              "name": "relationshipname",
              "type": "string",
              "sample": "IS_POWERED_BY",
              "include": true
            },
            {
              "name": "entityid",
              "type": "string",
              "sample": "acpower",
              "include": true
            },
            {
              "name": "prop",
              "type": "string",
              "sample": "{ lifestarts: 1456099200, lifefinish: 1758844800, installed: 1456099200 }",
              "include": true
            }
          ]
        },
        "power.csv": {
          "expanded": true,
          "fields": [
            {
              "name": "id",
              "type": "string",
              "sample": "acpower",
              "include": true
            },
            {
              "name": "name",
              "type": "string",
              "sample": "AC Power",
              "include": true
            }
          ]
        },
        "network.csv": {
          "expanded": true,
          "fields": [
            {
              "name": "id",
              "type": "string",
              "sample": "net_adapter",
              "include": true
            },
            {
              "name": "entType",
              "type": "string",
              "sample": "Network",
              "include": true
            },
            {
              "name": "name",
              "type": "string",
              "sample": "Network Adapter",
              "include": true
            }
          ]
        },
        "module.csv": {
          "expanded": true,
          "fields": [
            {
              "name": "id",
              "type": "string",
              "sample": "gps",
              "include": true
            },
            {
              "name": "name",
              "type": "string",
              "sample": "GPS",
              "include": true
            }
          ]
        },
        "manufacturers.csv": {
          "expanded": true,
          "fields": [
            {
              "name": "id",
              "type": "string",
              "sample": "mfg1",
              "include": true
            },
            {
              "name": "name",
              "type": "string",
              "sample": "HP",
              "include": true
            }
          ]
        },
        "entities.csv": {
          "expanded": true,
          "fields": [
            {
              "name": "id",
              "type": "string",
              "sample": "acpower",
              "include": true
            },
            {
              "name": "entType",
              "type": "string",
              "sample": "Power",
              "include": true
            },
            {
              "name": "name",
              "type": "string",
              "sample": "AC Power",
              "include": true
            }
          ]
        },
        "departments.csv": {
          "expanded": true,
          "fields": [
            {
              "name": "id",
              "type": "string",
              "sample": "it",
              "include": true
            },
            {
              "name": "name",
              "type": "string",
              "sample": "Information Technology",
              "include": true
            }
          ]
        },
        "applications.csv": {
          "expanded": true,
          "fields": [
            {
              "name": "id",
              "type": "string",
              "sample": "application01",
              "include": true
            },
            {
              "name": "name",
              "type": "string",
              "sample": "HP DB",
              "include": true
            }
          ]
        }
      }
    },
    "graphModel": {
      "nodeSchemas": {
        "n1": {
          "label": "Asset",
          "additionLabels": [],
          "labelProperties": [],
          "properties": [
            {
              "property": "id",
              "type": "string",
              "identifier": "9qfM-Q8fDGulC2A_m7APZ"
            },
            {
              "property": "name",
              "type": "string",
              "identifier": "NNs87PN7ggEggOGdeCiwn"
            },
            {
              "property": "lat",
              "type": "float",
              "identifier": "UENXWmRI1sD2uf3M4UIbJ"
            },
            {
              "property": "lon",
              "type": "float",
              "identifier": "O9jjSf9_kLGCxzedeUyHj"
            }
          ],
          "key": {
            "properties": [
              "9qfM-Q8fDGulC2A_m7APZ"
            ]
          }
        },
        "n2": {
          "label": "Application",
          "additionLabels": [],
          "labelProperties": [],
          "properties": [
            {
              "property": "id",
              "type": "string",
              "identifier": "pzfRmym7aX3bj0-vqm36q"
            },
            {
              "property": "name",
              "type": "string",
              "identifier": "loLlW6BLMd49dGdYmPyBm"
            }
          ],
          "key": {
            "properties": [
              "pzfRmym7aX3bj0-vqm36q"
            ]
          }
        },
        "n3": {
          "label": "Department",
          "additionLabels": [],
          "labelProperties": [],
          "properties": [
            {
              "property": "id",
              "type": "string",
              "identifier": "1n4VLCbNZX1RHGzY-i2OI"
            },
            {
              "property": "name",
              "type": "string",
              "identifier": "b317WV6_gPj_2FbI0HZfw"
            }
          ],
          "key": {
            "properties": [
              "1n4VLCbNZX1RHGzY-i2OI"
            ]
          }
        },
        "n4": {
          "label": "Sensor",
          "additionLabels": [],
          "labelProperties": [],
          "properties": [
            {
              "property": "id",
              "type": "string",
              "identifier": "jBkqq_-XuoXZbWbnlqASS"
            },
            {
              "property": "entType",
              "type": "string",
              "identifier": "OHtJurypDjKBtkCrKDTaq"
            },
            {
              "property": "name",
              "type": "string",
              "identifier": "wh4jc9P2kouRaSPTMhuge"
            }
          ],
          "key": {
            "properties": [
              "jBkqq_-XuoXZbWbnlqASS"
            ]
          }
        },
        "n5": {
          "label": "NETWORK",
          "additionLabels": [],
          "labelProperties": [],
          "properties": [
            {
              "property": "id",
              "type": "string",
              "identifier": "03wenWnWJSCFiZukfWawl"
            },
            {
              "property": "entType",
              "type": "string",
              "identifier": "Ar8eP11B3BC2dq1NaEobd"
            },
            {
              "property": "name",
              "type": "string",
              "identifier": "u8ziQo7RyzEZs6mm1p96M"
            }
          ],
          "key": {
            "properties": [
              "03wenWnWJSCFiZukfWawl"
            ]
          }
        },
        "n6": {
          "label": "Asset Type",
          "additionLabels": [],
          "labelProperties": [],
          "properties": [
            {
              "property": "id",
              "type": "string",
              "identifier": "nYZxg8vjQ76_cziSDldYp"
            },
            {
              "property": "name",
              "type": "string",
              "identifier": "8xo4SFcRE9qheBO7Romp8"
            }
          ],
          "key": {
            "properties": [
              "nYZxg8vjQ76_cziSDldYp"
            ]
          }
        },
        "n7": {
          "label": "Vendor",
          "additionLabels": [],
          "labelProperties": [],
          "properties": [
            {
              "property": "id",
              "type": "string",
              "identifier": "xfNQO5EbpGqKDZ0qTVAdh"
            },
            {
              "property": "entType",
              "type": "string",
              "identifier": "g_dY-mF0de4R1T3d0s0jE"
            },
            {
              "property": "name",
              "type": "string",
              "identifier": "6y9flt9XEXACDi1GFSf4Y"
            }
          ],
          "key": {
            "properties": [
              "xfNQO5EbpGqKDZ0qTVAdh"
            ]
          }
        },
        "n8": {
          "label": "Manufacturer",
          "additionLabels": [],
          "labelProperties": [],
          "properties": [
            {
              "property": "id",
              "type": "string",
              "identifier": "YQzcXealkdnzZMQFuLlOh"
            },
            {
              "property": "name",
              "type": "string",
              "identifier": "fzcuKjdmEMuPnJU2U2c-T"
            }
          ],
          "key": {
            "properties": [
              "YQzcXealkdnzZMQFuLlOh"
            ]
          }
        },
        "n9": {
          "label": "Module",
          "additionLabels": [],
          "labelProperties": [],
          "properties": [
            {
              "property": "id",
              "type": "string",
              "identifier": "6jfiYa1-XxMNAOlkx8WIJ"
            },
            {
              "property": "name",
              "type": "string",
              "identifier": "ggSYMUv3Fh81I3m1QcV2l"
            }
          ],
          "key": {
            "properties": [
              "6jfiYa1-XxMNAOlkx8WIJ"
            ]
          }
        },
        "n10": {
          "label": "Power Source",
          "additionLabels": [],
          "labelProperties": [],
          "properties": [
            {
              "property": "id",
              "type": "string",
              "identifier": "JPookYXy-q6amdVoGaSTS"
            },
            {
              "property": "name",
              "type": "string",
              "identifier": "ngEcNl3Ju7eXXG4EweYCK"
            }
          ],
          "key": {
            "properties": [
              "JPookYXy-q6amdVoGaSTS"
            ]
          }
        }
      },
      "relationshipSchemas": {
        "n1": {
          "type": "IS_USED_BY",
          "sourceNodeSchema": "n2",
          "targetNodeSchema": "n3",
          "properties": []
        },
        "n2": {
          "type": "IS_CONTROLLING",
          "sourceNodeSchema": "n2",
          "targetNodeSchema": "n1",
          "properties": []
        },
        "n3": {
          "type": "IS_FEEDING_DATA_TO",
          "sourceNodeSchema": "n1",
          "targetNodeSchema": "n2",
          "properties": []
        },
        "n4": {
          "type": "IS_CONTAINING_SENSOR",
          "sourceNodeSchema": "n1",
          "targetNodeSchema": "n4",
          "properties": []
        },
        "n5": {
          "type": "IS_USING",
          "sourceNodeSchema": "n1",
          "targetNodeSchema": "n5",
          "properties": []
        },
        "n6": {
          "type": "IS_OF_TYPE",
          "sourceNodeSchema": "n1",
          "targetNodeSchema": "n6",
          "properties": []
        },
        "n7": {
          "type": "IS_FROM_VENDOR",
          "sourceNodeSchema": "n1",
          "targetNodeSchema": "n7",
          "properties": []
        },
        "n8": {
          "type": "IS_MANUFACTURED_BY",
          "sourceNodeSchema": "n1",
          "targetNodeSchema": "n8",
          "properties": []
        },
        "n9": {
          "type": "IS_EQUIPPED_WITH",
          "sourceNodeSchema": "n1",
          "targetNodeSchema": "n9",
          "properties": []
        },
        "n10": {
          "type": "IS_POWERED_BY",
          "sourceNodeSchema": "n1",
          "targetNodeSchema": "n10",
          "properties": []
        }
      }
    },
    "mappingModel": {
      "nodeMappings": {
        "n1": {
          "nodeSchema": "n1",
          "fileSchema": "things.csv",
          "mappings": [
            {
              "field": "id"
            },
            {
              "field": "name"
            },
            {
              "field": "lat"
            },
            {
              "field": "lon"
            }
          ]
        },
        "n2": {
          "nodeSchema": "n2",
          "fileSchema": "applications.csv",
          "mappings": [
            {
              "field": "id"
            },
            {
              "field": "name"
            }
          ]
        },
        "n3": {
          "nodeSchema": "n3",
          "fileSchema": "departments.csv",
          "mappings": [
            {
              "field": "id"
            },
            {
              "field": "name"
            }
          ]
        },
        "n4": {
          "nodeSchema": "n4",
          "fileSchema": "sensors.csv",
          "mappings": [
            {
              "field": "id"
            },
            {
              "field": "entType"
            },
            {
              "field": "name"
            }
          ]
        },
        "n5": {
          "nodeSchema": "n5",
          "fileSchema": "network.csv",
          "mappings": [
            {
              "field": "id"
            },
            {
              "field": "entType"
            },
            {
              "field": "name"
            }
          ]
        },
        "n6": {
          "nodeSchema": "n6",
          "fileSchema": "thingtype.csv",
          "mappings": [
            {
              "field": "id"
            },
            {
              "field": "name"
            }
          ]
        },
        "n7": {
          "nodeSchema": "n7",
          "fileSchema": "vendors.csv",
          "mappings": [
            {
              "field": "id"
            },
            {
              "field": "entType"
            },
            {
              "field": "name"
            }
          ]
        },
        "n8": {
          "nodeSchema": "n8",
          "fileSchema": "manufacturers.csv",
          "mappings": [
            {
              "field": "id"
            },
            {
              "field": "name"
            }
          ]
        },
        "n9": {
          "nodeSchema": "n9",
          "fileSchema": "module.csv",
          "mappings": [
            {
              "field": "id"
            },
            {
              "field": "name"
            }
          ]
        },
        "n10": {
          "nodeSchema": "n10",
          "fileSchema": "power.csv",
          "mappings": [
            {
              "field": "id"
            },
            {
              "field": "name"
            }
          ]
        }
      },
      "relationshipMappings": {
        "n1": {
          "relationshipSchema": "n1",
          "mappings": [],
          "sourceMappings": [
            {
              "field": "thingId"
            }
          ],
          "targetMappings": [
            {
              "field": "entityid"
            }
          ],
          "fileSchema": "relation.csv"
        },
        "n2": {
          "relationshipSchema": "n2",
          "mappings": [],
          "sourceMappings": [
            {
              "field": "thingId"
            }
          ],
          "targetMappings": [
            {
              "field": "entityid"
            }
          ],
          "fileSchema": "relation.csv"
        },
        "n3": {
          "relationshipSchema": "n3",
          "mappings": [],
          "sourceMappings": [
            {
              "field": "thingId"
            }
          ],
          "targetMappings": [
            {
              "field": "entityid"
            }
          ],
          "fileSchema": "relation.csv"
        },
        "n4": {
          "relationshipSchema": "n4",
          "mappings": [],
          "sourceMappings": [
            {
              "field": "thingId"
            }
          ],
          "targetMappings": [
            {
              "field": "entityid"
            }
          ],
          "fileSchema": "relation.csv"
        },
        "n5": {
          "relationshipSchema": "n5",
          "mappings": [],
          "sourceMappings": [
            {
              "field": "thingId"
            }
          ],
          "targetMappings": [
            {
              "field": "entityid"
            }
          ],
          "fileSchema": "relation.csv"
        },
        "n6": {
          "relationshipSchema": "n6",
          "mappings": [],
          "sourceMappings": [
            {
              "field": "thingId"
            }
          ],
          "targetMappings": [
            {
              "field": "entityid"
            }
          ],
          "fileSchema": "relation.csv"
        },
        "n7": {
          "relationshipSchema": "n7",
          "mappings": [],
          "sourceMappings": [
            {
              "field": "thingId"
            }
          ],
          "targetMappings": [
            {
              "field": "entityid"
            }
          ],
          "fileSchema": "relation.csv"
        },
        "n8": {
          "relationshipSchema": "n8",
          "mappings": [],
          "sourceMappings": [
            {
              "field": "thingId"
            }
          ],
          "targetMappings": [
            {
              "field": "entityid"
            }
          ],
          "fileSchema": "relation.csv"
        },
        "n9": {
          "relationshipSchema": "n9",
          "mappings": [],
          "sourceMappings": [
            {
              "field": "thingId"
            }
          ],
          "targetMappings": [
            {
              "field": "entityid"
            }
          ],
          "fileSchema": "relation.csv"
        },
        "n10": {
          "relationshipSchema": "n10",
          "mappings": [],
          "sourceMappings": [
            {
              "field": "thingId"
            }
          ],
          "targetMappings": [
            {
              "field": "entityid"
            }
          ],
          "fileSchema": "relation.csv"
        }
      }
    },
    "configurations": {
      "idsToIgnore": []
    }
  }
}